Model,Accuracy,Precision,Recall,F1-Score,ROC-AUC
Random Forest,0.999,0.999003367003367,0.999,0.9989967109389155,1.0
XGBoost,0.997,0.9970601022329836,0.997,0.9970132018561337,0.9999937490569423
